1,1,Address 1
2,2,Address 2
3,3,Address 3
4,4,Address 4
5,5,Address 5
6,6,Address 6
7,7,Address 7
8,8,Address 8
9,9,Address 9
10,10,Address 10
11,11,Address 11
12,12,Address 12
13,13,Address 13
14,14,Address 14
15,15,Address 15
16,16,Address 16
17,17,Address 17
18,18,Address 18
19,19,Address 19
20,20,Address 20
21,21,Address 21
22,22,Address 22
23,23,Address 23
24,24,Address 24
25,25,Address 25
26,26,Address 26
27,27,Address 27
28,28,Address 28
29,29,Address 29
30,30,Address 30
31,31,Address 31
32,32,Address 32
33,33,Address 33
34,34,Address 34
35,35,Address 35
36,36,Address 36
37,37,Address 37
38,38,Address 38
39,39,Address 39
40,40,Address 40
41,41,Address 41
42,42,Address 42
43,43,Address 43
44,44,Address 44
45,45,Address 45
46,46,Address 46
47,47,Address 47
48,48,Address 48
49,49,Address 49
50,50,Address 50
51,51,Address 51
52,52,Address 52
53,53,Address 53
54,54,Address 54
55,55,Address 55
56,56,Address 56
57,57,Address 57
58,58,Address 58
59,59,Address 59
60,60,Address 60
61,61,Address 61
62,62,Address 62
63,63,Address 63
64,64,Address 64
65,65,Address 65
66,66,Address 66
67,67,Address 67
68,68,Address 68
69,69,Address 69
70,70,Address 70
71,71,Address 71
72,72,Address 72
73,73,Address 73
74,74,Address 74
75,75,Address 75
76,76,Address 76
77,77,Address 77
78,78,Address 78
79,79,Address 79
80,80,Address 80
81,81,Address 81
82,82,Address 82
83,83,Address 83
84,84,Address 84
85,85,Address 85
86,86,Address 86
87,87,Address 87
88,88,Address 88
89,89,Address 89
90,90,Address 90
91,91,Address 91
92,92,Address 92
93,93,Address 93
94,94,Address 94
95,95,Address 95
96,96,Address 96
97,97,Address 97
98,98,Address 98
99,99,Address 99
100,100,Address 100
